<?xml version="1.0"?>
<!DOCTYPE hibernate-mapping PUBLIC
    "-//Hibernate/Hibernate Mapping DTD 3.0//EN"
    "http://hibernate.sourceforge.net/hibernate-mapping-3.0.dtd">

<hibernate-mapping>

    <class name="com.sky.domain.Genre" table="Genre">
        <id name="id" column="id" type="long">
            <generator class="identity"/>
        </id>
        <property name="name" type="string">
            <column name="name"/>
        </property>
    </class>

</hibernate-mapping>