<?xml version="1.0" encoding="UTF-8"?>
<beans xmlns="http://www.springframework.org/schema/beans"
	xmlns:context="http://www.springframework.org/schema/context"
	xmlns:xsi="http://www.w3.org/2001/XMLSchema-instance"
	 xmlns:aop="http://www.springframework.org/schema/aop"
	 xmlns:tx="http://www.springframework.org/schema/tx"
	xmlns:myns="http://www.mycompany.com/schema/myns"
	xsi:schemaLocation="http://www.springframework.org/schema/beans http://www.springframework.org/schema/beans/spring-beans-3.0.xsd 
http://www.springframework.org/schema/context
http://www.springframework.org/schema/context/spring-context-2.5.xsd
http://www.springframework.org/schema/aop
http://www.springframework.org/schema/aop/spring-aop-2.0.xsd 
http://www.springframework.org/schema/tx http://www.springframework.org/schema/tx/spring-tx-3.0.xsd
http://www.mycompany.com/schema/myns http://www.mycompany.com/schema/myns/myns.xsd">
	<!-- <bean class="org.springframework.beans.factory.annotation.AutowiredAnnotationBeanPostProcessor"/> -->
	<aop:aspectj-autoproxy />
	
	<context:annotation-config>
	</context:annotation-config>
	
	<context:component-scan 
	base-package="com.sky" />
	
	
	
	
	
	
	
	
	<!-- I18n -->
	<bean id="messageSource"
		class="org.springframework.context.support.ResourceBundleMessageSource">
		<property name="basename">
			<value>trainingtext</value>
		</property>
	</bean>
	<bean id="messageproperties" class="test.MessageProperties" />
	<!-- Parent Child Relations -->
	<bean id="parent" class="test.Parent" abstract="true">
		<property name="name" value="in parent" />
		<property name="age" value="1" />
	</bean>
	<bean id="child" class="test.Child" parent="parent" />

	<!-- Method Lookup -->
	<bean id="methodInvoke" class="test.MethodInjection">
		<lookup-method name="getPrototype" bean="injectPrototype" />
	</bean>

	<bean id="injectPrototype" 
	class="test.InjectedPrototype" 
	scope="prototype">
		<property name="name" value="in injected Prototype" />
	</bean>
	<!-- Prototype Scope -->
	<bean id="pro" class="test.Prototype">
		<property name="name" value="zubin11">

		</property>
	</bean>

<!-- Prototype Scope -->
<!-- 
	<bean id="prototype11" class="test.Prototype">
		<property name="name" value="zubin22">

		</property>
	</bean>
	 -->
	<bean id="SpringHelloWorldBean" 
	autowire="byType"
	class="test.SpringHelloWorld"
		init-method="init">
		<property name="empid" value="1" />
		<property name="csvrow" value="abc,xyz"></property>
		<!-- <property name = "prototype" ref = "prototype"/> -->
		<property name="accounts">

			<map>
				<entry key="one" value="9.99" />
				<entry key="two" value="2.75" />
				<entry key="six" value="3.99" />
			</map>
		</property>
	</bean>
	<!--  Manual Wiring for Actor Example -->
	<!-- 
	<bean id="actorRepository" 
	
	class="com.sky.jdbc.dao.ActorRepositoryImpl">
	<property name = "sessionFactory" 
	ref = "sessionFactory"/>
	</bean>
	<bean id="actorService" 
	autowire="byType"
	class="com.sky.jdbc.service.ActorServiceImpl">
	 
	<property name = "actRep" 
	ref = "actorRepository"/>
	
	</bean>
	-->
	<!-- Bean Post Processor -->
	
	<bean id="beanPostProcess" class="com.sky.beanpostprocessor.MapPostProcessor">
	<property name="stateCode">
			<map>
				<entry key="MH" value="Maharashtra" />
				<entry key="GUJ" value="Gujarat" />
				<entry key="UP" value="Uttar Pradesh" />
			</map>
		</property>
		</bean>
		<bean 
		id="empService" 
		class="com.sky.beanpostprocessor.EmployeeService"/>
	 
	 <!--  Factory Bean -->
	 <bean id="sqlDataSource" 
	 class=" com.sky.factorybean.JNDIProxyBean">
	</bean>
	
	 <bean id="weatherDao" 
	 class=" com.sky.factorybean.WeatherDao">
	 <property name = "sqlDataSource" 
	 ref = "sqlDataSource"></property>
	 
	</bean>
	<!-- XSD -->
	<myns:dateformat id="dateFormat" pattern="yyyy/MM/dd HH:mm"
		lenient="true"></myns:dateformat>

	<!-- Spring AOP -->

	<bean id="messageAspect"
	 class="com.sky.aop.MessageAspect">
	</bean>

	<bean id="applicationAdvice"
	 class="com.sky.aop.ApplicationAdvice">
		<property name="messageAspect" 
		ref="messageAspect" />
	</bean>
	
	<bean id="applicationAdvisor"
class="org.springframework.aop.support.RegexpMethodPointcutAdvisor">
		<property name="advice" 
		ref="applicationAdvice" />
		<property name="pattern" 
		value=".*processApplication" />
	</bean>

	<bean id="applicationServiceTarget" 
	class="com.sky.aop.ApplicationServiceImpl" />

	<bean id="applicationService"
	 class="org.springframework.aop.framework.ProxyFactoryBean">
		<property name="target" 
		ref="applicationServiceTarget" />
		<property name="interceptorNames" 
		value="applicationAdvisor" />
		<property name="proxyInterfaces" 
		value="com.sky.aop.ApplicationService" />
	</bean>

	<!-- Aspect J -->

	<bean id="annoSecurityAspect" 
	class="com.sky.aop.AnnoSecurityAspect">

	</bean>

	<bean id="anoapplicationService" 
	class="com.sky.aop.ApplicationServiceImpl" />

	
	<!-- AOP Tags -->

	<bean id="pojoapplicationService" 
	class="com.sky.aop.ApplicationServiceImpl" />

	<bean id="pojoSecurityAspect" class="com.sky.aop.PojoSecurityAspect">
	</bean>
	
<aop:config>
<aop:aspect ref="pojoSecurityAspect">
<aop:pointcut
id="performance"
expression=
"execution(* com.sky.aop.ApplicationService.*(..))" />
<aop:before
method="VerifyApplicationForm"
pointcut-ref="performance" />
<aop:after-returning
method="processResults"
pointcut-ref="performance" />
</aop:aspect>
</aop:config>

	<!-- JDBC -->

	<bean id="mysqlDataSource" 
	class="org.apache.commons.dbcp.BasicDataSource"
		destroy-method="close">
		<property name="driverClassName" 
		value="com.mysql.jdbc.Driver" />
		<property name="url" 
		value="jdbc:mysql://localhost/test" />
		<property name="username" value="root" />
		<property name="password" value="Password123" />
	</bean>

	<bean id="genreDao" class="com.sky.jdbc.GenreDao">
		<property name="dataSource" ref="mysqlDataSource" />
	
	
		<property name="genreQuery" ref="genreQuery" />
	</bean>
	<bean id="genreQuery" class="com.sky.jdbc.GenreQuery">
		<constructor-arg ref="mysqlDataSource" />
	</bean>

<!-- Transcation -->

<tx:annotation-driven transaction-manager="txManager"/>

<!-- The transactionmanager to use for regular non JTA datasource --> 
  <!-- 
  <bean id="transactionManager"
    class="org.springframework.jdbc.datasource.DataSourceTransactionManager">
    <property name="dataSource">
      <ref local="mysqlDataSource"/>
    </property> 
  </bean>
   -->
  <bean id="txManager" class="org.springframework.orm.hibernate3.HibernateTransactionManager">
<property name="sessionFactory" ref="sessionFactory" />
</bean>
 
	<!-- Hibernate -->
<bean id="sessionFactory"
		class="org.springframework.orm.hibernate3.annotation.AnnotationSessionFactoryBean">
		<property name="annotatedClasses">
			<list>
				<value>com.sky.jpa.domain.Account</value>
			<value>com.sky.jdbc.jpa.domain.Actor</value>
			</list>
		</property>
		<property name="hibernateProperties">
			<props>
				<prop key="hibernate.dialect">
				org.hibernate.dialect.MySQLDialect</prop>
				    <prop key="hibernate.hbm2ddl.auto">
				    update</prop>
				<prop key="show_sql">true</prop>
			</props>
		</property>
		<property name="dataSource">
			<ref local="mysqlDataSource" />
		</property>
	</bean>



	<!-- 
	<bean id="sessionFactory"
		class="org.springframework.orm.hibernate3.LocalSessionFactoryBean">
		<property name="mappingLocations">
			<list>
				<value>/orm/Genre.hbm.xml</value>

			</list>
		</property>
		<property name="hibernateProperties">
			<props>
				<prop key="hibernate.dialect">
				org.hibernate.dialect.MySQLDialect</prop>
				    <prop key="hibernate.hbm2ddl.auto">
				    update</prop>
				<prop key="show_sql">true</prop>
			</props>
		</property>
		<property name="dataSource">
			<ref local="mysqlDataSource" />
		</property>
	</bean>

	<bean id="genreDaoHibernate" 
	class="com.sky.orm.GenreDaoHibernate">
		<property name="sessionFactory">
			<ref bean="sessionFactory" />
		</property>
	</bean>
	<bean id="genreService" class="com.sky.service.GenreService">
		<property name="genreDaoHibernate">
			<ref bean="genreDaoHibernate" />
		</property>
	</bean>
-->
	<!-- JPA -->
	<!-- 
	<bean id="entityManagerFactory"
	 class="org.springframework.orm.jpa.LocalEntityManagerFactoryBean"> 
		<property name="persistenceUnitName" 
		value="jpa" /> 
		</bean> 
		
		<bean id="genreJPADao" 
		class="com.sky.jpa.dao.GenreJPADao">
		 <property name="entityManagerFactory" 
		ref="entityManagerFactory" /> 
		</bean>
		 --> 
		 <!-- JMS -->
<!-- 
	<bean id="connectionFactory" 
	class="org.apache.activemq.ActiveMQConnectionFactory">
		<property name="brokerURL" 
		value="tcp://localhost:8889" />
	</bean>
	<bean id="myDestination" class="org.apache.activemq.command.ActiveMQQueue">
	<constructor-arg index="0" value="TEST.FOO" />
</bean>
<bean id="jmsTemplate"
class="org.springframework.jms.core.JmsTemplate">
<property name="connectionFactory" ref="connectionFactory" />
</bean>

<bean id="JMSSendder"
class="com.sky.jms.JMSSender">
<property name="jmsTemplate" ref="jmsTemplate" />
<property name="destination" ref="myDestination" />
</bean>

<bean id="JMSListener"
class="com.sky.jms.JMSListener">
</bean>
<bean class="org.springframework.jms.listener.SimpleMessageListenerContainer">
<property name="connectionFactory" ref="connectionFactory" />
<property name="destination" ref="myDestination" />
<property name="messageListener" ref="JMSListener" />
</bean>
	 -->	 
	
	<!-- RMI Service -->
	<!-- RMI -->
	<bean id="rmservice" class="test.RMIServiceImpl">
	</bean>
	<bean id="server" 
	class=
"org.springframework.remoting.rmi.RmiServiceExporter">
<property name="serviceName" value="RMIService" />
<property name="service" ref="rmservice" />
<property name="serviceInterface" value="test.RMIService" />
<property name="registryPort" value="1199" />
</bean>

	<bean id="client" class="test.RMIClient">
		<property name="rmiservice" ref="rmiService" />
	</bean>
	
	<bean id="rmiService" class=
"org.springframework.remoting.rmi.RmiProxyFactoryBean">
		<property name="serviceUrl" 
		value="rmi://localhost:1199/RMIService" />
		<property name="serviceInterface"
		 value="test.RMIService" />
	</bean>

	<bean id="httpclient" class="test.RMIClient">
		<property name="rmiservice" 
		ref="httpInvokerProxy" />
	</bean>
	<!-- remoting -->

	<bean id="httpInvokerProxy"
		class="org.springframework.remoting.httpinvoker.HttpInvokerProxyFactoryBean">
		<property name="serviceUrl"
			value=
			"http://localhost:8080/SpringHTTPRemoting
			/remoting/RMIService" />
		<property name="serviceInterface" 
		value="test.RMIService" />
	</bean>

	<!-- WebService -->
	<!-- 
<bean id="greetingservice" class="test.GreetingService">
</bean>

	<bean id = "wsserver" class="org.springframework.remoting.jaxws.SimpleJaxWsServiceExporter"> 
		<property name="baseAddress" value="http://localhost:9999/"/> 
		</bean> 
		<bean  id="greetingService" 
		class="test.GreetingServiceEndpoint">
		 </bean> 
		  -->
</beans>