<?xml version="1.0" encoding="UTF-8"?>
<beans xmlns="http://www.springframework.org/schema/beans"
	xmlns:context="http://www.springframework.org/schema/context"
	xmlns:xsi="http://www.w3.org/2001/XMLSchema-instance"
	 xmlns:aop="http://www.springframework.org/schema/aop"
	 xmlns:tx="http://www.springframework.org/schema/tx"
	xmlns:myns="http://www.mycompany.com/schema/myns"
	xsi:schemaLocation="http://www.springframework.org/schema/beans http://www.springframework.org/schema/beans/spring-beans-3.0.xsd 
http://www.springframework.org/schema/context
http://www.springframework.org/schema/context/spring-context-2.5.xsd
http://www.springframework.org/schema/aop
http://www.springframework.org/schema/aop/spring-aop-2.0.xsd 
http://www.springframework.org/schema/tx http://www.springframework.org/schema/tx/spring-tx-3.0.xsd
http://www.mycompany.com/schema/myns http://www.mycompany.com/schema/myns/myns.xsd">
	<bean id="SpringHelloWorldBean" 
	autowire="byType"
	class="test.SpringHelloWorld"
		init-method="init">
		<property name="empid" value="1" />
		<property name="csvrow" value="abc,xyz"></property>
		<!-- <property name = "prototype" ref = "prototype"/> -->
		<property name="accounts">

			<map>
				<entry key="one" value="9.99" />
				<entry key="two" value="2.75" />
				<entry key="six" value="3.99" />
			</map>
		</property>
	</bean>
	<!-- 
	<context:annotation-config>
	</context:annotation-config>
	
	<context:component-scan 
	base-package="com.sky" />
	 -->
	<bean id="productRepository" 
	class="com.sky.ugam.repository.ProductRepositoryImpl">
	</bean>
	<bean id="productService" 
	class=" com.sky.ugam.service.ProductServiceImpl">
	 
	<property name = "productRepository" 
	ref = "productRepository"/>
	
	</bean>
	
	
</beans>